name,lastname,company,post,salary,email
Danielle,Johnson,Sanchez-Taylor,Accountant,203000,danielle.johnson@hotmail.com
Patricia,Miller,Johnson-Davis,Data Analyst,159000,patricia.miller@hotmail.com
Anthony,Gonzalez,"Miles, Barnes and Cole",Customer Support,237000,anthony.gonzalez@gmail.com
Katherine,Moore,Peterson-Moore,Graphic Designer,56000,katherine.moore@gmail.com
Noah,Howard,Munoz-Roman,Content Writer,167000,noah.howard@gmail.com
Teresa,Gray,"Carter, Fuller and Mcclure",DevOps Engineer,177500,teresa.gray@gmail.com
Janet,Williams,Mejia Inc,Data Analyst,55500,janet.williams@yahoo.com
Joshua,Reid,Martin-Kelly,Customer Support,209500,joshua.reid@hotmail.com
Deborah,Lynch,Ferguson and Sons,Business Analyst,148000,deborah.lynch@yahoo.com
Joseph,Schaefer,"Hawkins, Cohen and Cameron",Sales Manager,88500,joseph.schaefer@gmail.com
Linda,Morales,Clark PLC,Graphic Designer,84000,linda.morales@hotmail.com
Victor,Wilkerson,"Ellis, Baker and Wright",Customer Support,221000,victor.wilkerson@hotmail.com
Ross,Silva,Robinson-Bright,Recruiter,53000,ross.silva@gmail.com
Michelle,Hernandez,Conner Group,HR Executive,128500,michelle.hernandez@yahoo.com
Caitlin,Mcdonald,Maddox-Valencia,Software Engineer,204000,caitlin.mcdonald@hotmail.com
Danny,Dyer,Mack-Peterson,Operations Manager,141000,danny.dyer@gmail.com
Shawn,Mckay,"Baker, Mason and White",Accountant,190000,shawn.mckay@yahoo.com
Meagan,Romero,Hernandez and Sons,Software Engineer,183000,meagan.romero@yahoo.com
Tracy,Rodriguez,Koch-Decker,Operations Manager,91000,tracy.rodriguez@gmail.com
John,Bradley,Miller Group,HR Executive,224500,john.bradley@hotmail.com
Katie,Anderson,Arroyo-Martin,Finance Manager,84000,katie.anderson@hotmail.com
Karina,Vaughn,"Collins, Carney and Santos",Content Writer,162000,karina.vaughn@yahoo.com
David,Walker,Smith-Spencer,Data Analyst,31500,david.walker@gmail.com
Jean,Brown,Whitehead LLC,HR Executive,161500,jean.brown@gmail.com
Joshua,Washington,"Anderson, Walls and Duncan",Recruiter,92000,joshua.washington@yahoo.com
Lindsey,Lee,Hopkins LLC,Finance Manager,135000,lindsey.lee@yahoo.com
Michelle,Brown,"Joyce, Garcia and Powell",Graphic Designer,234500,michelle.brown@gmail.com
John,Lee,Taylor-White,Content Writer,93500,john.lee@gmail.com
Scott,Callahan,"Garcia, Pearson and Fernandez",Software Engineer,53500,scott.callahan@gmail.com
Gabriel,Tucker,Hancock Inc,Business Analyst,127000,gabriel.tucker@gmail.com
Tricia,Baker,Mitchell-Horton,Recruiter,69500,tricia.baker@gmail.com
Kenneth,Novak,"Fitzgerald, Brown and Edwards",Sales Manager,179500,kenneth.novak@yahoo.com
Wesley,Farrell,Brown PLC,HR Executive,247500,wesley.farrell@gmail.com
Casey,Jones,Powell PLC,Data Analyst,178000,casey.jones@hotmail.com
Bernard,Miller,"Silva, Mills and Donovan",Product Manager,201000,bernard.miller@hotmail.com
Leon,Baker,Powers LLC,Content Writer,110500,leon.baker@gmail.com
Albert,Howell,"Ferrell, Jones and Lewis",Customer Support,63500,albert.howell@yahoo.com
Nicole,Suarez,Mitchell-Kim,Operations Manager,186500,nicole.suarez@hotmail.com
Allison,Contreras,"Evans, Alvarado and Mcmillan",Marketing Lead,97500,allison.contreras@gmail.com
Pamela,Newton,Nelson PLC,Product Manager,213500,pamela.newton@yahoo.com
James,Walters,Wagner-King,Sales Manager,53500,james.walters@hotmail.com
Rodney,Hill,Cook and Sons,Customer Support,71000,rodney.hill@hotmail.com
Scott,Thornton,"Smith, Jones and Ware",Marketing Lead,169500,scott.thornton@gmail.com
Mary,Aguilar,Jordan Inc,Operations Manager,123000,mary.aguilar@gmail.com
Rachel,Clark,Estrada LLC,Finance Manager,188500,rachel.clark@hotmail.com
Eric,Spears,Cherry and Sons,Finance Manager,36000,eric.spears@gmail.com
Jill,Cook,Pham-Shields,Data Analyst,98000,jill.cook@gmail.com
Kristin,Rodriguez,Garrison and Sons,Product Manager,239000,kristin.rodriguez@yahoo.com
Michael,Hoover,Walker Ltd,Product Manager,132000,michael.hoover@yahoo.com
Joshua,Jones,Bell-Hicks,Graphic Designer,37000,joshua.jones@gmail.com
Natalie,Green,"Estes, Baker and Rodriguez",Finance Manager,118000,natalie.green@hotmail.com
Kristin,Graham,"Wilson, Lam and Lee",Sales Manager,211000,kristin.graham@yahoo.com
Aaron,Frost,"Mcdaniel, Bentley and Mclaughlin",Product Manager,123000,aaron.frost@yahoo.com
Chad,Beck,Hanson-Alvarado,Accountant,214000,chad.beck@yahoo.com
William,Estrada,Powell-Phillips,Marketing Lead,79000,william.estrada@yahoo.com
Elizabeth,Gray,"Orr, Gilbert and Turner",Software Engineer,107500,elizabeth.gray@yahoo.com
Jason,Floyd,"Pena, Marshall and Ramos",Product Manager,160500,jason.floyd@yahoo.com
Laura,Moyer,"Jackson, Miller and Robertson",Graphic Designer,53500,laura.moyer@gmail.com
Emily,Walker,Hernandez Inc,Data Analyst,151500,emily.walker@hotmail.com
Melissa,Jones,Mercado-Johnston,QA Engineer,156500,melissa.jones@yahoo.com
John,Douglas,Stafford Inc,Finance Manager,86000,john.douglas@gmail.com
Linda,Dominguez,Williams-Wright,Accountant,146500,linda.dominguez@gmail.com
Laurie,Contreras,"Larson, Dodson and Vance",Finance Manager,242500,laurie.contreras@hotmail.com
Sean,Moore,Cole-Walton,Customer Support,226000,sean.moore@hotmail.com
Todd,Allen,Jones-Mitchell,Customer Support,115500,todd.allen@yahoo.com
Patricia,Miller,Hall Ltd,Marketing Lead,210500,patricia.miller@gmail.com
Caleb,Russell,"Owens, Brown and Wall",QA Engineer,227000,caleb.russell@hotmail.com
Sophia,Smith,"James, Smith and Bell",QA Engineer,248000,sophia.smith@yahoo.com
Amanda,Navarro,"Hurst, Freeman and Nelson",Recruiter,37000,amanda.navarro@yahoo.com
Matthew,Shelton,Ramsey-Pittman,Marketing Lead,189000,matthew.shelton@hotmail.com
Anthony,Long,"Alvarado, Miller and Patterson",Content Writer,76500,anthony.long@gmail.com
Jorge,Murphy,Murphy-Juarez,QA Engineer,101000,jorge.murphy@yahoo.com
Johnny,Miller,Curry Inc,DevOps Engineer,87000,johnny.miller@hotmail.com
Casey,Bernard,Webster and Sons,Product Manager,244500,casey.bernard@gmail.com
Christine,Allen,Caldwell-Elliott,Product Manager,149000,christine.allen@hotmail.com
Jonathan,Wood,"Lawson, Adkins and Wilson",Business Analyst,109500,jonathan.wood@gmail.com
Beth,Hickman,"Byrd, Rubio and Sanders",Product Manager,49000,beth.hickman@hotmail.com
Hannah,Burton,Terry LLC,Accountant,233500,hannah.burton@hotmail.com
Kimberly,Reed,Stanley-Jones,Graphic Designer,33000,kimberly.reed@yahoo.com
Lynn,Garcia,Reid-Poole,Marketing Lead,141000,lynn.garcia@gmail.com
Jessica,Sheppard,Gilbert-Gillespie,Recruiter,149000,jessica.sheppard@yahoo.com
Margaret,Vargas,Christian-Rivas,HR Executive,101000,margaret.vargas@yahoo.com
John,Marshall,"Barnett, Rogers and Snyder",Graphic Designer,76500,john.marshall@yahoo.com
Jason,Salinas,Ramirez-Carlson,Customer Support,172000,jason.salinas@gmail.com
Zachary,Lee,Cortez Group,Data Analyst,206500,zachary.lee@yahoo.com
Debbie,Henry,Davis and Sons,QA Engineer,207000,debbie.henry@gmail.com
Kevin,Perkins,Tran-Cooper,Graphic Designer,120000,kevin.perkins@hotmail.com
Shawn,Parker,Martinez and Sons,Graphic Designer,60500,shawn.parker@hotmail.com
Amanda,Gill,Lee Ltd,Recruiter,100500,amanda.gill@hotmail.com
Brittany,Wolf,"Campbell, Garcia and Lee",Data Analyst,122000,brittany.wolf@gmail.com
Kevin,Erickson,Hill Inc,Operations Manager,208500,kevin.erickson@gmail.com
Dana,Mullins,Salas PLC,Operations Manager,150000,dana.mullins@yahoo.com
Scott,Lopez,King Group,Accountant,240000,scott.lopez@gmail.com
Richard,Jones,"Parks, Hernandez and Shepherd",Operations Manager,51500,richard.jones@gmail.com
David,Duran,"Carlson, Montgomery and Rowe",QA Engineer,145000,david.duran@yahoo.com
Kenneth,Chapman,Torres-Oliver,Accountant,225000,kenneth.chapman@gmail.com
Colleen,Baker,Moore and Sons,HR Executive,70000,colleen.baker@gmail.com
Ricky,Norris,Carter-Hall,Operations Manager,209500,ricky.norris@yahoo.com
Charles,Hall,French-Weber,Product Manager,138500,charles.hall@gmail.com
Amy,Holland,Serrano-Jones,Business Analyst,232500,amy.holland@yahoo.com
Brooke,Holloway,Gonzales-Harrison,Operations Manager,209000,brooke.holloway@yahoo.com
Sherri,Mason,Kim-George,Finance Manager,218000,sherri.mason@yahoo.com
Cassandra,Johnson,Hayden PLC,Software Engineer,225500,cassandra.johnson@hotmail.com
Lori,Johnston,Ruiz Ltd,Content Writer,101000,lori.johnston@gmail.com
Wendy,Graham,Costa-Harrison,Finance Manager,115000,wendy.graham@yahoo.com
Elizabeth,Hodge,Jenkins-Simpson,QA Engineer,238000,elizabeth.hodge@hotmail.com
Benjamin,Miller,Morris-Cordova,QA Engineer,161500,benjamin.miller@gmail.com
Diane,Daniels,Brown-Stone,Recruiter,190000,diane.daniels@yahoo.com
Kathleen,Harris,"Anderson, Roberts and Gilmore",Recruiter,61000,kathleen.harris@gmail.com
Teresa,Lynch,Mckinney LLC,Software Engineer,171000,teresa.lynch@yahoo.com
Christopher,Gay,Murray Inc,Marketing Lead,157500,christopher.gay@hotmail.com
Kelly,Thornton,Davenport-Baird,Data Analyst,146500,kelly.thornton@hotmail.com
Duane,Lee,"Romero, Suarez and Shields",Customer Support,227500,duane.lee@yahoo.com
Matthew,French,Hoover-Campbell,Operations Manager,244000,matthew.french@hotmail.com
Bethany,Keller,Griffin Group,DevOps Engineer,115000,bethany.keller@hotmail.com
Kathryn,Bennett,Kane-Pollard,Data Analyst,176000,kathryn.bennett@yahoo.com
Jesus,Rowe,Flores Group,QA Engineer,128500,jesus.rowe@hotmail.com
Laura,Pearson,Simpson Inc,Marketing Lead,158500,laura.pearson@hotmail.com
Martin,Garcia,Garcia-Lozano,Software Engineer,214500,martin.garcia@gmail.com
Robert,Pena,Jones LLC,Graphic Designer,189500,robert.pena@hotmail.com
Raymond,Miller,Phelps-Villarreal,QA Engineer,111000,raymond.miller@hotmail.com
Jennifer,Malone,"Johnson, Jones and Welch",Operations Manager,88000,jennifer.malone@hotmail.com
Christopher,Good,"Padilla, Garcia and Jackson",Operations Manager,37000,christopher.good@gmail.com
Mark,Brown,Brooks-Thomas,Finance Manager,174500,mark.brown@hotmail.com
Laura,Jackson,Lynch Group,Data Analyst,157000,laura.jackson@hotmail.com
Douglas,Murray,Stevens-Estrada,Content Writer,103500,douglas.murray@hotmail.com
Amy,Jones,Huerta-Evans,Finance Manager,206500,amy.jones@yahoo.com
Stephen,Turner,Castaneda-Rodriguez,QA Engineer,176000,stephen.turner@yahoo.com
Bailey,Haney,Johnson-Greer,QA Engineer,100000,bailey.haney@gmail.com
Ashlee,Jennings,"Beltran, Lozano and Mcgee",Operations Manager,228500,ashlee.jennings@gmail.com
Catherine,Gomez,"Lee, King and Campos",Marketing Lead,190500,catherine.gomez@gmail.com
Rebecca,Lucas,Kramer-Johnson,DevOps Engineer,217000,rebecca.lucas@gmail.com
Christopher,Phillips,"Perry, Gonzalez and Buchanan",DevOps Engineer,165500,christopher.phillips@hotmail.com
Robin,Rivas,Sloan-Raymond,Operations Manager,221000,robin.rivas@yahoo.com
Linda,Mcdonald,Taylor and Sons,QA Engineer,246500,linda.mcdonald@hotmail.com
Michael,Gibbs,Baker Inc,Content Writer,124000,michael.gibbs@hotmail.com
Kaitlyn,Baker,Carson-Bentley,Accountant,202500,kaitlyn.baker@gmail.com
Thomas,Harvey,"Murphy, Bishop and Holland",Content Writer,209000,thomas.harvey@yahoo.com
Debra,Wilson,Shah LLC,Recruiter,59500,debra.wilson@gmail.com
Jimmy,Medina,Chavez-Santiago,Finance Manager,180000,jimmy.medina@hotmail.com
Jessica,Mcclure,"Garcia, Burns and Russell",Customer Support,38000,jessica.mcclure@hotmail.com
Mitchell,Ramos,Foley Inc,DevOps Engineer,169000,mitchell.ramos@hotmail.com
Michael,Sanders,Donaldson Group,HR Executive,199500,michael.sanders@gmail.com
Darlene,Harper,Williams LLC,Data Analyst,62000,darlene.harper@hotmail.com
Jamie,Gallegos,"Clark, Robinson and Kane",Graphic Designer,228000,jamie.gallegos@gmail.com
Kristina,Carlson,Garrison-Thomas,Marketing Lead,168000,kristina.carlson@yahoo.com
Lauren,Rodriguez,Anderson LLC,Data Analyst,180500,lauren.rodriguez@yahoo.com
Alfred,Baker,Harmon PLC,Accountant,220500,alfred.baker@gmail.com
Thomas,Strickland,"Wheeler, Hayes and Walker",Sales Manager,216000,thomas.strickland@hotmail.com
Adrienne,Ellis,Brown Group,QA Engineer,139000,adrienne.ellis@hotmail.com
Daniel,Joseph,Jones-Miller,Marketing Lead,46500,daniel.joseph@gmail.com
Joshua,Schultz,"Joseph, James and Harper",Operations Manager,146000,joshua.schultz@hotmail.com
Catherine,Garcia,"Wilson, Pena and Rich",Product Manager,140000,catherine.garcia@yahoo.com
Pamela,Gutierrez,Ross-Blair,Graphic Designer,139000,pamela.gutierrez@yahoo.com
Elizabeth,Brooks,Mcdaniel Group,HR Executive,53000,elizabeth.brooks@gmail.com
Christopher,Davis,"Watson, Anderson and Brown",Graphic Designer,201500,christopher.davis@gmail.com
Robert,Russo,Parrish-Griffith,Operations Manager,183500,robert.russo@yahoo.com
Michael,Lane,Moore Group,Data Analyst,246500,michael.lane@gmail.com
Michael,Hawkins,Farmer PLC,Data Analyst,236500,michael.hawkins@yahoo.com
Megan,Villegas,"Austin, Day and Johnson",Customer Support,37000,megan.villegas@gmail.com
Joshua,Farmer,Bell-White,Marketing Lead,174500,joshua.farmer@hotmail.com
Richard,Thomas,"Bonilla, Davis and Moreno",QA Engineer,137000,richard.thomas@yahoo.com
Matthew,Wood,"Nguyen, Pugh and Carlson",Sales Manager,69500,matthew.wood@gmail.com
Karen,Williams,Nelson Ltd,Finance Manager,154000,karen.williams@hotmail.com
Scott,Nelson,"Wilson, Jordan and Campbell",Recruiter,164500,scott.nelson@hotmail.com
Kyle,Walker,"Brown, Harris and Dougherty",Marketing Lead,225500,kyle.walker@yahoo.com
Keith,Wilson,Burgess-Thompson,QA Engineer,166000,keith.wilson@hotmail.com
Jerry,Hansen,"Drake, Jones and Hensley",Sales Manager,141500,jerry.hansen@gmail.com
Steve,Miller,Johnston-Berry,Finance Manager,104000,steve.miller@gmail.com
Richard,Burch,Solis PLC,Content Writer,242500,richard.burch@hotmail.com
Samantha,Davis,Sanchez PLC,QA Engineer,164000,samantha.davis@gmail.com
Randy,Collins,Walker-Maxwell,HR Executive,160500,randy.collins@hotmail.com
Daniel,Hicks,Bell-Mullen,Marketing Lead,90000,daniel.hicks@gmail.com
Dwayne,Gonzalez,"Hernandez, Malone and Jones",Recruiter,148500,dwayne.gonzalez@hotmail.com
Kathleen,Cole,"Day, Downs and Morris",Graphic Designer,68500,kathleen.cole@yahoo.com
Carlos,Ramos,Hogan-Vargas,DevOps Engineer,159500,carlos.ramos@gmail.com
Lance,Hayes,Wood LLC,HR Executive,195000,lance.hayes@gmail.com
Christina,Hunter,Carpenter-Best,Sales Manager,145000,christina.hunter@hotmail.com
Denise,Morris,Mason-Rosario,Content Writer,56000,denise.morris@yahoo.com
Toni,Miller,"Thompson, Wright and Kim",Content Writer,164000,toni.miller@hotmail.com
Chelsea,Cox,Hughes-Schroeder,Sales Manager,232000,chelsea.cox@hotmail.com
Deborah,Jones,Grant Group,Operations Manager,94500,deborah.jones@hotmail.com
Melissa,Brandt,"Marks, Cook and Aguilar",Marketing Lead,119500,melissa.brandt@yahoo.com
Tammy,Hale,Anderson-Fletcher,HR Executive,109000,tammy.hale@hotmail.com
Nicholas,Conner,Santiago Ltd,HR Executive,195000,nicholas.conner@hotmail.com
Rodney,Cox,Parker-Bean,Graphic Designer,226000,rodney.cox@yahoo.com
James,Cooke,Jones Inc,Sales Manager,199000,james.cooke@yahoo.com
Nancy,Williamson,"Bennett, Martin and Guerra",Business Analyst,214500,nancy.williamson@yahoo.com
Bradley,Diaz,"Young, Wallace and Mitchell",Content Writer,89500,bradley.diaz@hotmail.com
John,Sheppard,Mckee-Lee,Content Writer,148000,john.sheppard@yahoo.com
Kimberly,Shaw,Burch-Montoya,Marketing Lead,94000,kimberly.shaw@gmail.com
Danielle,Sawyer,"Villa, Dawson and Black",Accountant,102500,danielle.sawyer@gmail.com
Kathryn,Nelson,"Hernandez, Kim and Potts",Data Analyst,239000,kathryn.nelson@yahoo.com
Nicole,Arias,Brown-Shaw,Data Analyst,128500,nicole.arias@gmail.com
Nicholas,Johnson,Combs Ltd,Graphic Designer,232500,nicholas.johnson@gmail.com
Devin,Mitchell,Horton-Taylor,Recruiter,144500,devin.mitchell@hotmail.com
Adam,Miller,Lewis-Hernandez,Finance Manager,58000,adam.miller@yahoo.com
John,Martinez,Barnes PLC,Content Writer,46000,john.martinez@gmail.com
Mary,Porter,"Smith, Robertson and Allen",Marketing Lead,104500,mary.porter@yahoo.com
Aaron,Gomez,"Butler, Beck and Miller",DevOps Engineer,47000,aaron.gomez@hotmail.com
Amy,Hartman,"Spencer, Myers and Harrison",QA Engineer,125500,amy.hartman@yahoo.com
Julie,Kelly,Cooper Ltd,Accountant,227500,julie.kelly@hotmail.com
Jill,Cook,Bell LLC,Business Analyst,242500,jill.cook@hotmail.com
Steven,Dominguez,"White, Taylor and Baldwin",Content Writer,39000,steven.dominguez@yahoo.com
James,Moody,Stewart LLC,QA Engineer,238500,james.moody@hotmail.com
Thomas,Johnson,"Lee, Kelly and Norman",Graphic Designer,99500,thomas.johnson@gmail.com
Lauren,Kim,Paul-Kline,QA Engineer,116500,lauren.kim@gmail.com
Tyler,Jimenez,"Adams, Miller and Coleman",Finance Manager,184000,tyler.jimenez@gmail.com
Amy,Morris,Murphy LLC,Operations Manager,144000,amy.morris@hotmail.com
Jennifer,Jackson,Bell-Williams,DevOps Engineer,187000,jennifer.jackson@yahoo.com
Joshua,Whitney,Jones Ltd,QA Engineer,123000,joshua.whitney@hotmail.com
Laurie,Shelton,Thomas PLC,Content Writer,38500,laurie.shelton@gmail.com
Carlos,Osborne,Cox-Herring,Sales Manager,184500,carlos.osborne@gmail.com
Erika,Rush,Wallace-Jones,Marketing Lead,165500,erika.rush@yahoo.com
Raymond,Banks,Horne Inc,Business Analyst,157500,raymond.banks@hotmail.com
Paul,Hoffman,Hampton-Padilla,Product Manager,186500,paul.hoffman@yahoo.com
Heather,Lutz,Martinez Inc,Content Writer,74000,heather.lutz@hotmail.com
Sean,Miller,"Ponce, Downs and Contreras",HR Executive,170500,sean.miller@hotmail.com
Kelly,Evans,Joseph Ltd,Business Analyst,233000,kelly.evans@yahoo.com
William,Martinez,Conner and Sons,Recruiter,36500,william.martinez@yahoo.com
Angela,Wood,"Anderson, Henson and Jones",QA Engineer,213500,angela.wood@hotmail.com
Timothy,Jenkins,Morrow-Jones,Graphic Designer,194000,timothy.jenkins@gmail.com
Shannon,Frazier,Anderson-Calderon,Business Analyst,226500,shannon.frazier@gmail.com
Ryan,Bartlett,Guerra PLC,Marketing Lead,107500,ryan.bartlett@gmail.com
Fernando,Donovan,Reed PLC,Operations Manager,246500,fernando.donovan@gmail.com
John,Reid,"Hill, Weber and Mendez",HR Executive,158500,john.reid@hotmail.com
Gary,David,Jackson PLC,Graphic Designer,245500,gary.david@hotmail.com
Blake,Shields,Williams Ltd,Customer Support,196500,blake.shields@gmail.com
Katie,Butler,"Johnson, Small and Gardner",Operations Manager,153500,katie.butler@gmail.com
Linda,Cohen,Chavez-Barker,Business Analyst,142500,linda.cohen@yahoo.com
Todd,Harris,"Thomas, Hensley and Flores",DevOps Engineer,132000,todd.harris@gmail.com
Kathleen,Robertson,Flores Group,Accountant,98000,kathleen.robertson@yahoo.com
John,Davis,Dougherty-Lin,Finance Manager,93500,john.davis@gmail.com
Lisa,Peck,"Edwards, Hines and Jimenez",Content Writer,157500,lisa.peck@yahoo.com
Tyler,Davis,Wagner-Levy,Product Manager,179000,tyler.davis@yahoo.com
Brandon,Campbell,"Khan, Pena and Ruiz",Software Engineer,246500,brandon.campbell@gmail.com
Ryan,Khan,"Diaz, Powell and Williams",Sales Manager,175500,ryan.khan@hotmail.com
James,Tran,Hughes Group,Customer Support,241000,james.tran@hotmail.com
Erin,Wilson,Long LLC,DevOps Engineer,223000,erin.wilson@gmail.com
James,Hicks,"Williams, Williams and Reeves",Recruiter,162500,james.hicks@yahoo.com
Eduardo,Barry,Murphy PLC,Graphic Designer,71500,eduardo.barry@yahoo.com
Vicki,Stevenson,Wheeler-Romero,Recruiter,211000,vicki.stevenson@hotmail.com
Kevin,Cabrera,Rivera-Rodriguez,Finance Manager,179000,kevin.cabrera@yahoo.com
Laura,Swanson,"Soto, Carlson and Baker",Data Analyst,214500,laura.swanson@gmail.com
Brandy,Jackson,"Griffith, Hampton and James",Data Analyst,38000,brandy.jackson@hotmail.com
Stacy,Rodriguez,Alexander Group,Marketing Lead,135500,stacy.rodriguez@hotmail.com
James,Shaw,"Knapp, Salas and Fitzgerald",Sales Manager,210500,james.shaw@gmail.com
April,Hoffman,"Mendoza, Bennett and Frye",Content Writer,166000,april.hoffman@yahoo.com
Amy,Lowe,"Becker, Lara and Baker",Recruiter,79000,amy.lowe@gmail.com
Joshua,Evans,Wise-Bush,Recruiter,111000,joshua.evans@yahoo.com
Michael,Peck,"Hill, Martinez and Rhodes",QA Engineer,131000,michael.peck@yahoo.com
Stephanie,Ballard,Williams-Moses,HR Executive,118500,stephanie.ballard@yahoo.com
Diana,Burgess,Harris PLC,Customer Support,173500,diana.burgess@hotmail.com
Joseph,Rodriguez,"Matthews, Sanchez and Santiago",Data Analyst,193000,joseph.rodriguez@gmail.com
Brian,Gutierrez,"Kennedy, Maldonado and Taylor",Business Analyst,134000,brian.gutierrez@hotmail.com
Savannah,Johns,Santos-Avila,Operations Manager,112000,savannah.johns@yahoo.com
Debbie,Velez,Pearson and Sons,Sales Manager,74500,debbie.velez@yahoo.com
Nicole,Thompson,Osborn Group,Recruiter,77500,nicole.thompson@hotmail.com
Suzanne,Howe,Smith PLC,Accountant,115500,suzanne.howe@yahoo.com
Shawn,Davidson,"Snyder, Mays and Rosales",Content Writer,99500,shawn.davidson@gmail.com
Lisa,Rivera,"Stevens, Scott and Lopez",Graphic Designer,232000,lisa.rivera@yahoo.com
Ashley,Todd,Carr Ltd,QA Engineer,241500,ashley.todd@yahoo.com
Zachary,Miller,"Davis, Holden and Woods",Data Analyst,31500,zachary.miller@yahoo.com
Patrick,Griffin,Finley-Turner,Software Engineer,96500,patrick.griffin@hotmail.com
Michael,Young,"Wilson, Parker and Sullivan",Operations Manager,206500,michael.young@gmail.com
Danielle,Shepard,Mendez-Robinson,Marketing Lead,152000,danielle.shepard@gmail.com
Spencer,Zhang,Perry-Dunn,Recruiter,223500,spencer.zhang@hotmail.com
Laurie,Petersen,Becker PLC,HR Executive,164500,laurie.petersen@yahoo.com
Allison,Cox,"Rodriguez, Poole and Leach",Product Manager,176500,allison.cox@hotmail.com
Edward,Murphy,"Ramos, Frazier and Love",Recruiter,53000,edward.murphy@hotmail.com
Sean,Brown,Palmer Group,Sales Manager,173000,sean.brown@yahoo.com
Emily,Parker,Foster Inc,Product Manager,178000,emily.parker@gmail.com
Brandon,Cooper,Weaver Inc,HR Executive,150500,brandon.cooper@gmail.com
Justin,White,Cannon Ltd,Finance Manager,125500,justin.white@yahoo.com
Shane,Stark,Bennett-Vega,Marketing Lead,197000,shane.stark@yahoo.com
David,Haney,Rice-Luna,Data Analyst,243500,david.haney@gmail.com
Katelyn,Good,Nunez-Stephens,QA Engineer,240500,katelyn.good@gmail.com
John,Reed,Lopez-Golden,Accountant,38000,john.reed@hotmail.com
Robert,Miranda,Allen Inc,Accountant,182000,robert.miranda@gmail.com
Sean,Powers,Sanchez Inc,QA Engineer,142000,sean.powers@gmail.com
Amber,Webster,Taylor LLC,Data Analyst,238500,amber.webster@hotmail.com
Barbara,Ray,"Cardenas, Young and Walter",Data Analyst,135500,barbara.ray@yahoo.com
Joshua,Hawkins,"Hobbs, Buck and Garrett",Finance Manager,172000,joshua.hawkins@yahoo.com
Brandon,Cooper,"Powers, Floyd and Flores",Finance Manager,134500,brandon.cooper1@yahoo.com
Nicholas,Webster,Allen-Perez,Marketing Lead,236000,nicholas.webster@yahoo.com
Robin,Hart,Grant-Anderson,Data Analyst,95000,robin.hart@gmail.com
Mark,Miller,Boone-Davis,Product Manager,43000,mark.miller@yahoo.com
Nicholas,Jacobs,Russo and Sons,Product Manager,152500,nicholas.jacobs@gmail.com
Molly,Cook,Lewis and Sons,Accountant,221000,molly.cook@yahoo.com
Robin,Dominguez,"Harris, Herman and Arnold",Operations Manager,127000,robin.dominguez@yahoo.com
Amanda,Howard,Ward-Andrade,Content Writer,55000,amanda.howard@hotmail.com
Terrance,Franco,Wood Group,Sales Manager,174000,terrance.franco@gmail.com
Joyce,Smith,"Donovan, Riley and Butler",Marketing Lead,80000,joyce.smith@yahoo.com
Jerry,Hudson,Porter Ltd,Graphic Designer,95500,jerry.hudson@yahoo.com
Tammy,May,Murray-Oconnor,DevOps Engineer,73000,tammy.may@gmail.com
Jennifer,Freeman,"Mooney, Bernard and Warren",HR Executive,239000,jennifer.freeman@hotmail.com
Brandon,Smith,Kirby and Sons,HR Executive,211000,brandon.smith@gmail.com
Albert,Wagner,Brown-Little,Recruiter,198500,albert.wagner@yahoo.com
Alfred,Patel,Smith-Moreno,Customer Support,167000,alfred.patel@yahoo.com
Andre,Li,"Jordan, Case and White",Accountant,164000,andre.li@gmail.com
John,Harvey,Ochoa-Adams,QA Engineer,50000,john.harvey@yahoo.com
Susan,Stevens,Branch and Sons,Operations Manager,205000,susan.stevens@gmail.com
Desiree,Garrison,Davis Group,QA Engineer,171000,desiree.garrison@yahoo.com
Brian,Smith,Miller Group,Graphic Designer,174500,brian.smith@gmail.com
Patricia,Ellison,Lewis Ltd,Recruiter,99000,patricia.ellison@gmail.com
Sandra,Cohen,Lam-Elliott,Sales Manager,75500,sandra.cohen@yahoo.com
Alexis,Clark,Goodwin Ltd,QA Engineer,49500,alexis.clark@yahoo.com
Francisco,Allen,Rhodes-Fernandez,QA Engineer,223000,francisco.allen@hotmail.com
Donald,Hinton,"Miller, Mcgee and Reed",Accountant,141500,donald.hinton@gmail.com
Mary,Peterson,"Friedman, Sanders and Ayala",Software Engineer,192000,mary.peterson@yahoo.com
Kristen,Hayes,Kelly Group,Finance Manager,77500,kristen.hayes@hotmail.com
Brenda,James,"Phillips, Wright and Jones",Customer Support,69000,brenda.james@yahoo.com
Jennifer,Walters,"Price, Ward and Davis",Operations Manager,143500,jennifer.walters@yahoo.com
Kathleen,Garcia,Lopez Group,Finance Manager,56000,kathleen.garcia@gmail.com
Christopher,Spencer,"George, Nguyen and Cruz",Operations Manager,135500,christopher.spencer@yahoo.com
Kimberly,Hardy,"Stein, Spence and Armstrong",Business Analyst,205000,kimberly.hardy@yahoo.com
Gavin,Adams,Snyder-Brown,Finance Manager,100500,gavin.adams@yahoo.com
Kevin,Patton,King-Wright,Recruiter,182000,kevin.patton@hotmail.com
James,Rodriguez,Smith-Foster,QA Engineer,235500,james.rodriguez@yahoo.com
Scott,Jordan,"Mccann, Taylor and Flores",Product Manager,152500,scott.jordan@yahoo.com
Gregory,Sanders,Carter-Neal,Recruiter,177000,gregory.sanders@gmail.com
Mark,Ramirez,Diaz-Frederick,Product Manager,181500,mark.ramirez@hotmail.com
Hector,Saunders,Benton Group,Product Manager,142000,hector.saunders@yahoo.com
Marie,Jones,Chambers-Taylor,Operations Manager,91500,marie.jones@yahoo.com
Donna,Espinoza,Jones-Ewing,Recruiter,179000,donna.espinoza@yahoo.com
Amanda,Mclean,"Barnes, Johnson and Schmitt",HR Executive,57500,amanda.mclean@gmail.com
Diane,Kelly,"Salazar, Hart and Newman",QA Engineer,222500,diane.kelly@yahoo.com
Tammy,Jordan,Garcia and Sons,Data Analyst,144000,tammy.jordan@yahoo.com
Peter,Barton,"Vaughn, Hernandez and Cuevas",Recruiter,56500,peter.barton@yahoo.com
Robert,Nixon,Guerra Ltd,Marketing Lead,119000,robert.nixon@yahoo.com
Matthew,Mueller,"Webb, Alvarez and Kim",Content Writer,111500,matthew.mueller@gmail.com
Kevin,Patrick,Johnson LLC,Accountant,203000,kevin.patrick@gmail.com
Sarah,Yang,"Thompson, Moore and Castro",Content Writer,89000,sarah.yang@yahoo.com
Crystal,Lopez,"Reynolds, Johnson and Mendez",Product Manager,145000,crystal.lopez@hotmail.com
Russell,Smith,Harris Ltd,HR Executive,177500,russell.smith@gmail.com
Lauren,Herrera,Nguyen-Ellis,Customer Support,201500,lauren.herrera@yahoo.com
Allison,Fowler,"Price, Long and Wilson",DevOps Engineer,246000,allison.fowler@yahoo.com
Christina,Cervantes,"Mcbride, Sellers and Lawrence",Marketing Lead,110000,christina.cervantes@gmail.com
John,Wilson,Steele-Dixon,Finance Manager,182500,john.wilson@gmail.com
Bailey,Henderson,Reid-Steele,Business Analyst,172000,bailey.henderson@gmail.com
Tracy,Taylor,Wilkinson-Harvey,DevOps Engineer,32000,tracy.taylor@yahoo.com
Derrick,Ochoa,"Wagner, Simpson and Cohen",Finance Manager,211500,derrick.ochoa@yahoo.com
Tracy,Miller,Flynn and Sons,Operations Manager,38000,tracy.miller@yahoo.com
Jeffrey,Roberts,Cunningham-Barton,Recruiter,170500,jeffrey.roberts@hotmail.com
Daniel,Wilson,"Morrow, Richardson and Carson",Sales Manager,224500,daniel.wilson@hotmail.com
Scott,Robinson,Garcia-Greer,Data Analyst,106000,scott.robinson@gmail.com
Shannon,Bailey,Gonzales Inc,Data Analyst,83500,shannon.bailey@hotmail.com
Brianna,Bell,"Bishop, Patterson and Jensen",Product Manager,238000,brianna.bell@gmail.com
Linda,Hudson,"Campbell, Ryan and Morris",Operations Manager,104000,linda.hudson@hotmail.com
Joseph,Hodge,"Ochoa, Taylor and Brady",Finance Manager,45000,joseph.hodge@yahoo.com
Michelle,Martinez,Wright Ltd,Graphic Designer,242000,michelle.martinez@gmail.com
Kathleen,Lowe,Thomas-Chen,Finance Manager,126000,kathleen.lowe@yahoo.com
Charles,Norton,Powell Ltd,Customer Support,207500,charles.norton@yahoo.com
Shawn,Freeman,"Smith, Schroeder and Oconnor",Content Writer,192500,shawn.freeman@hotmail.com
Heidi,Horn,"Sanders, Donaldson and Summers",Recruiter,98500,heidi.horn@yahoo.com
Maria,Morgan,"Anderson, Phelps and Kramer",Sales Manager,41500,maria.morgan@gmail.com
Connie,Copeland,Martinez and Sons,Content Writer,146500,connie.copeland@gmail.com
Victoria,Patterson,"Blankenship, Khan and Turner",Customer Support,53500,victoria.patterson@hotmail.com
Michael,Miller,"Mckee, Martin and Sanders",Operations Manager,215500,michael.miller@hotmail.com
Karina,Patterson,Padilla Inc,Product Manager,152000,karina.patterson@gmail.com
David,Perez,"Wallace, Smith and Cooper",Accountant,250000,david.perez@yahoo.com
Heather,Woods,Reyes Ltd,Accountant,56000,heather.woods@yahoo.com
Michael,Evans,Ayala-Mullins,Marketing Lead,194000,michael.evans@hotmail.com
Douglas,Moreno,Bishop and Sons,Content Writer,119500,douglas.moreno@hotmail.com
Jason,Goodman,Jensen-Ramos,Product Manager,52000,jason.goodman@gmail.com
Donald,Martinez,"Cruz, Richmond and Edwards",Marketing Lead,93000,donald.martinez@yahoo.com
Deanna,Wright,"Greene, Lawson and Maxwell",Software Engineer,247000,deanna.wright@hotmail.com
Nancy,Harris,"Hicks, Adkins and Phillips",Sales Manager,230500,nancy.harris@gmail.com
Troy,Rodriguez,Little-Jones,Software Engineer,122000,troy.rodriguez@yahoo.com
David,Valencia,"Fisher, Payne and Thompson",Recruiter,227000,david.valencia@gmail.com
Alvin,Jones,Lewis-Livingston,QA Engineer,159500,alvin.jones@yahoo.com
Courtney,Mason,Henderson-Morales,Marketing Lead,101000,courtney.mason@gmail.com
Kyle,Dixon,Mccann and Sons,Graphic Designer,130000,kyle.dixon@hotmail.com
Cynthia,Davenport,"Day, Collins and Kim",Data Analyst,44500,cynthia.davenport@gmail.com
Christopher,Hamilton,Salazar-Brown,Business Analyst,60500,christopher.hamilton@gmail.com
Jean,Miles,Crawford LLC,Customer Support,72500,jean.miles@yahoo.com
David,Norman,Quinn-Wilson,Software Engineer,115500,david.norman@yahoo.com
Joseph,Brown,"Proctor, Burton and Crawford",DevOps Engineer,44000,joseph.brown@yahoo.com
Michele,Jackson,Scott Inc,Accountant,88000,michele.jackson@hotmail.com
William,Williams,Sanchez Group,DevOps Engineer,128000,william.williams@gmail.com
Harold,Horne,Tran Ltd,Finance Manager,87000,harold.horne@yahoo.com
John,Moon,Nelson-Miller,DevOps Engineer,60500,john.moon@hotmail.com
Emily,Williams,Brock Inc,QA Engineer,47500,emily.williams@yahoo.com
Michelle,Ayala,Murphy-Tran,Software Engineer,124000,michelle.ayala@gmail.com
Kelly,Mueller,"Dean, Marshall and Vargas",Recruiter,227500,kelly.mueller@gmail.com
Jessica,Payne,Hernandez Group,Software Engineer,89500,jessica.payne@hotmail.com
Michael,Franco,Tapia Inc,QA Engineer,247000,michael.franco@hotmail.com
Jessica,Garcia,"Bird, Barnes and Woodward",Marketing Lead,212000,jessica.garcia@yahoo.com
Christopher,Morse,"Gutierrez, Huang and Ellis",HR Executive,178500,christopher.morse@gmail.com
William,Walsh,Jones-Bradley,Finance Manager,199500,william.walsh@gmail.com
Joel,Green,Howe-Long,Graphic Designer,111000,joel.green@yahoo.com
Joseph,Jones,Taylor PLC,Accountant,69500,joseph.jones@gmail.com
Frank,Owens,Martinez-Howard,Product Manager,145500,frank.owens@yahoo.com
Steven,Phelps,Moore Ltd,Operations Manager,241500,steven.phelps@hotmail.com
Heidi,Williams,Hernandez-Dawson,DevOps Engineer,131000,heidi.williams@hotmail.com
Brandon,Evans,Johnson Group,Content Writer,172000,brandon.evans@hotmail.com
Andrea,Davis,Lara and Sons,Accountant,33000,andrea.davis@gmail.com
Maria,Haas,Gonzalez Group,DevOps Engineer,205500,maria.haas@hotmail.com
Sharon,Miller,"Green, Hess and Johnson",HR Executive,80500,sharon.miller@hotmail.com
Scott,Anderson,Martinez-Dunlap,Sales Manager,73000,scott.anderson@hotmail.com
Ryan,Ramsey,Johnson-Vega,Business Analyst,120500,ryan.ramsey@gmail.com
Rebekah,Hill,Stephenson-Johnson,Data Analyst,195500,rebekah.hill@yahoo.com
Victor,Andrade,Brown-Ramirez,Marketing Lead,137000,victor.andrade@gmail.com
Dawn,Robles,Mccoy PLC,Software Engineer,127500,dawn.robles@hotmail.com
Michael,Stephens,Cooper-Cunningham,Graphic Designer,129000,michael.stephens@yahoo.com
Hector,Flores,Johnson LLC,Sales Manager,237000,hector.flores@yahoo.com
Alyssa,Wang,Dickson Inc,Data Analyst,198000,alyssa.wang@gmail.com
Joseph,Velasquez,"Brown, Davies and Robinson",QA Engineer,120500,joseph.velasquez@gmail.com
Gregory,Watkins,"Wolfe, Sloan and Johnson",DevOps Engineer,175000,gregory.watkins@hotmail.com
Douglas,Vaughan,Weaver-Thompson,Sales Manager,53000,douglas.vaughan@gmail.com
Jesse,Robinson,"Woods, Rivera and Mendez",Marketing Lead,117000,jesse.robinson@hotmail.com
Gregory,Lang,Brown-Hernandez,Marketing Lead,228000,gregory.lang@gmail.com
Meghan,Valencia,Brooks Ltd,QA Engineer,180000,meghan.valencia@gmail.com
Matthew,Morris,Oconnor Group,Recruiter,196000,matthew.morris@yahoo.com
Grant,Novak,"Preston, Austin and Kelly",Business Analyst,126500,grant.novak@yahoo.com
Jessica,Phillips,Daniel Ltd,QA Engineer,247500,jessica.phillips@hotmail.com
Antonio,Guzman,"Walker, Cunningham and Zuniga",Marketing Lead,114500,antonio.guzman@hotmail.com
Christian,Reed,Jackson-Mcclure,HR Executive,240000,christian.reed@hotmail.com
Elizabeth,Daniel,Griffin-Baker,Data Analyst,207000,elizabeth.daniel@gmail.com
Michael,Buchanan,"Smith, Cruz and Oconnor",Business Analyst,135500,michael.buchanan@yahoo.com
Nicole,Bell,Garcia-Mendoza,Data Analyst,71500,nicole.bell@yahoo.com
Charles,Singleton,Smith-Green,Accountant,48500,charles.singleton@yahoo.com
George,Bennett,"Jones, Mcmahon and Spence",Graphic Designer,182000,george.bennett@hotmail.com
Patricia,Bush,Dunlap-Martin,Finance Manager,70000,patricia.bush@gmail.com
Craig,Harris,Ortiz PLC,Customer Support,199000,craig.harris@yahoo.com
Kenneth,Davis,Armstrong-Larsen,Marketing Lead,43500,kenneth.davis@yahoo.com
Adam,Miller,"Weber, Castillo and Davis",Product Manager,73500,adam.miller@hotmail.com
Kelly,Miller,Parker Group,Recruiter,155000,kelly.miller@hotmail.com
Joseph,May,Lopez-Mcclure,DevOps Engineer,77500,joseph.may@yahoo.com
Bradley,Gonzales,Perez-Adams,Sales Manager,68500,bradley.gonzales@hotmail.com
Elizabeth,Miller,Morton-Gutierrez,Data Analyst,171500,elizabeth.miller@gmail.com
Mary,Cardenas,Sheppard-Mcdaniel,Recruiter,176500,mary.cardenas@gmail.com
Thomas,Miller,"Johnson, Duncan and Black",Marketing Lead,60500,thomas.miller@yahoo.com
Gerald,Joyce,Stokes and Sons,Sales Manager,138000,gerald.joyce@gmail.com
Vanessa,Graham,"Hernandez, Larson and Flores",HR Executive,52000,vanessa.graham@yahoo.com
Angela,Arnold,Stone-Stark,Software Engineer,231000,angela.arnold@hotmail.com
Cindy,Mills,Rodriguez-Hernandez,Accountant,57000,cindy.mills@hotmail.com
Kimberly,Floyd,"Beard, Humphrey and Baker",Recruiter,176000,kimberly.floyd@hotmail.com
Thomas,Jackson,Thomas-Franklin,QA Engineer,39500,thomas.jackson@yahoo.com
Pamela,Rivera,Williams Group,Customer Support,125000,pamela.rivera@gmail.com
Matthew,Leon,Ramirez-Vasquez,Accountant,88000,matthew.leon@gmail.com
Kevin,Manning,Adams-Butler,HR Executive,78000,kevin.manning@yahoo.com
Jason,Holloway,"Washington, Black and Brooks",Sales Manager,161500,jason.holloway@gmail.com
Cameron,Mckinney,Taylor-York,Software Engineer,74000,cameron.mckinney@gmail.com
Nancy,Gonzalez,Wright Group,Sales Manager,122000,nancy.gonzalez@hotmail.com
James,Richardson,Wagner-Reid,Accountant,204000,james.richardson@gmail.com
John,Burns,Thompson-Harrell,DevOps Engineer,118000,john.burns@gmail.com
Mary,Green,"Davis, Johnson and Williams",Product Manager,249000,mary.green@gmail.com
Deborah,Byrd,Pearson-Palmer,Software Engineer,151000,deborah.byrd@gmail.com
Deborah,Burke,Walker PLC,Operations Manager,212000,deborah.burke@hotmail.com
Dawn,Coleman,York-Stevens,Product Manager,149000,dawn.coleman@yahoo.com
Erica,Holloway,Silva-Smith,DevOps Engineer,173500,erica.holloway@hotmail.com
Brittney,Campbell,"Rodriguez, Brown and Mcneil",Graphic Designer,100500,brittney.campbell@yahoo.com
Diana,Farley,"Evans, Hernandez and Cannon",Sales Manager,236000,diana.farley@hotmail.com
Richard,Flores,Griffith Ltd,Recruiter,105500,richard.flores@yahoo.com
Rebecca,Sullivan,"Johnson, Erickson and Armstrong",Product Manager,117500,rebecca.sullivan@hotmail.com
Jennifer,Parks,"Glover, Knox and Powers",Operations Manager,246000,jennifer.parks@gmail.com
Mary,Walter,Carter Group,Marketing Lead,219500,mary.walter@yahoo.com
Jessica,Hansen,Arroyo LLC,HR Executive,86500,jessica.hansen@yahoo.com
Jeffrey,Savage,French-Rivera,Customer Support,179500,jeffrey.savage@yahoo.com
Steven,Wilson,Delacruz PLC,HR Executive,150500,steven.wilson@gmail.com
Vincent,Dillon,Moreno-Gutierrez,Marketing Lead,65000,vincent.dillon@gmail.com
Matthew,Benitez,Thomas-Huffman,Business Analyst,229000,matthew.benitez@gmail.com
Tony,Welch,Edwards Inc,Software Engineer,145500,tony.welch@yahoo.com
Jason,Ayala,"Duran, Burns and Gallagher",HR Executive,63000,jason.ayala@hotmail.com
Ryan,Jordan,Sanford-Reyes,Sales Manager,166500,ryan.jordan@gmail.com
Jessica,Dodson,Sherman-Schmidt,Software Engineer,203000,jessica.dodson@gmail.com
Courtney,Wright,"Wiley, Collins and Garcia",Operations Manager,72500,courtney.wright@gmail.com
Madison,Evans,Bryant-Meyer,Graphic Designer,141000,madison.evans@hotmail.com
Wendy,Cooper,Howard-Lopez,QA Engineer,34500,wendy.cooper@gmail.com
Jeffrey,Mercer,Gross PLC,Business Analyst,61500,jeffrey.mercer@yahoo.com
Jennifer,Conner,Mcdowell-Scott,Sales Manager,182000,jennifer.conner@gmail.com
Ebony,Valdez,Williams Inc,Finance Manager,143500,ebony.valdez@yahoo.com
David,King,"Hernandez, Neal and Mccoy",Operations Manager,137500,david.king@hotmail.com
Craig,Meyer,"Obrien, Taylor and Rivas",Accountant,160500,craig.meyer@hotmail.com
Christine,Campbell,Jimenez PLC,Product Manager,229000,christine.campbell@yahoo.com
Marie,Dudley,Warner-Phillips,Sales Manager,170000,marie.dudley@yahoo.com
Renee,Watts,Rivera-Smith,HR Executive,58000,renee.watts@hotmail.com
Elizabeth,Hernandez,Chan Inc,Accountant,95500,elizabeth.hernandez@hotmail.com
Jerry,Hinton,Baker-Williams,Business Analyst,40000,jerry.hinton@yahoo.com
Michael,Rhodes,Rodgers-Davis,Sales Manager,32000,michael.rhodes@gmail.com
Elizabeth,Jackson,Kline-Friedman,Customer Support,217500,elizabeth.jackson@gmail.com
Nathan,Cooper,Morales Group,Customer Support,243500,nathan.cooper@yahoo.com
Hannah,Mendoza,Banks-Robles,Accountant,63500,hannah.mendoza@hotmail.com
Jessica,Jarvis,Garcia PLC,Recruiter,235000,jessica.jarvis@hotmail.com
Erika,White,Maxwell-Carr,Marketing Lead,153500,erika.white@yahoo.com
Daniel,Jenkins,Brown Ltd,Graphic Designer,33000,daniel.jenkins@hotmail.com
Miranda,Warren,"Ray, Cunningham and Levine",Graphic Designer,162500,miranda.warren@hotmail.com
Haley,Montgomery,Stanley-Wright,DevOps Engineer,199500,haley.montgomery@hotmail.com
Darlene,Hernandez,"Mcclain, Salazar and Smith",Business Analyst,159000,darlene.hernandez@yahoo.com
Melissa,Booth,Walton LLC,Data Analyst,114500,melissa.booth@yahoo.com
Brent,Walker,"Gray, Montoya and Miller",Content Writer,235000,brent.walker@hotmail.com
Shane,Gates,Stewart-Hooper,Software Engineer,56000,shane.gates@yahoo.com
Robert,Hawkins,Petersen PLC,Operations Manager,160000,robert.hawkins@hotmail.com
Jamie,Powers,Cox-Brown,Data Analyst,246000,jamie.powers@yahoo.com
Martin,Saunders,"Kennedy, Sandoval and Baldwin",Accountant,54500,martin.saunders@hotmail.com
Jeffrey,Peterson,"Brandt, Carter and Boyd",Accountant,41500,jeffrey.peterson@gmail.com
Travis,Underwood,"Griffith, Rodriguez and Carr",Product Manager,60500,travis.underwood@yahoo.com
Jason,Summers,Love Inc,Finance Manager,41500,jason.summers@hotmail.com
Mary,Chapman,Ellis-Lawrence,Marketing Lead,157500,mary.chapman@gmail.com
